id,name,shortName,industry,industryLabel,icon,tagline,description,headquarters,factory,phone,email,careersUrl,careersLabel,roles,chemDivisions,labFacilities,featured,students
nifs,National Institute of Fundamental Studies (NIFS),NIFS,research,Research Institute,🔬,Multidisciplinary government research in natural & social sciences,"A multidisciplinary government institute dedicated to basic research in natural and social sciences, mathematics, and philosophy. NIFS hosts divisions for Solid State Chemistry, Energy & Advanced Material Chemistry, Natural Products Chemistry, and Food Chemistry.","Hantana Road, Kandy, Sri Lanka","Additional Office: Colombo, Sri Lanka",+94 81 232 3655,info@nifs.ac.lk,https://nifs.ac.lk/about/careers,Visit NIFS Careers,Research Chemist;Solid State Chemist;Natural Products Scientist;Food Chemist;Research Assistant;Senior Scientist,Solid State Chemistry;Energy & Advanced Material Chemistry;Natural Products Chemistry;Food Chemistry,FTIR Spectrophotometer;UV-Visible Spectrophotometer;ICP-OES;XRD;CNH Analyzer,TRUE,
iti,Industrial Technology Institute (ITI),ITI,research,Research Institute,🔬,R&D and accredited testing for industrial development,"Formerly known as CISIR, the Industrial Technology Institute (ITI) provides R&D, technical services, and accredited testing to support Sri Lanka's industrial development. It operates Analytical Chemistry Suites and a Residue Analysis Laboratory for food and environmental testing.","363, Bauddaloka Mawatha, Colombo 07, Sri Lanka","R&D Complex, Malabe, Sri Lanka",+94 11 269 3807,info@iti.lk,https://iti.lk/index.php/en/vacancies,Visit ITI Careers,Analytical Chemist;Food & Environmental Analyst;R&D Scientist;Lab Technician;Calibration Engineer,Analytical Chemistry Suite;Residue Analysis Laboratory (Food & Environmental),Spectrometers;Chromatographs;Calibration Tools;GC-MS;HPLC,FALSE,2021/SB/053;2021/SB/111
slintec,Sri Lanka Institute of Nanotechnology (SLINTEC),SLINTEC,research,Research Institute,🔬,"Nanotechnology R&D for energy, agriculture & healthcare","A public-private partnership focused on nanotechnology R&D for energy, agriculture, and healthcare applications. SLINTEC operates a Synthetic & Medicinal Organic Lab, Wet Chemical Lab, and a Nano Characterization Lab at the Nanotechnology & Science Park.","Nanotechnology & Science Park, Homagama, Sri Lanka",,+94 11 440 1400,info@slintec.lk,https://www.slintec.lk/,Visit SLINTEC Careers,Nanotechnology Researcher;Organic Chemist;Wet Chemical Lab Analyst;Materials Scientist;R&D Engineer,Synthetic & Medicinal Organic Lab;Wet Chemical Lab;Nano Characterization Lab,Electron Microscope (EM);Raman Spectroscopy;Particle Size Analyzers;X-ray Fluorescence (XRF),FALSE,
rrisl,Rubber Research Institute of Sri Lanka (RRISL),RRISL,research,Research Institute,🔬,World's oldest rubber research body,"The world's oldest rubber research institution, covering cultivation, processing, and product technology. RRISL's chemistry departments focus on raw rubber & chemical analysis, polymer chemistry, and process development, ensuring standards compliance for Sri Lanka's rubber industry.","Agalawatta, Sri Lanka","Technology Labs: Ratmalana, Sri Lanka",+94 34 224 7426,info@rrisl.gov.lk,https://rrisl.gov.lk/web/index.php/en/vacancies,Visit RRISL Careers,Polymer Chemist;Raw Rubber Analyst;Process Development Scientist;Quality Standards Chemist,Raw Rubber & Chemical Analysis;Polymer Chemistry;Process Development,Analytical Chemistry Instruments;Rubber Property Testing Apparatus;Rheometers;Tensile Testers,FALSE,
cri,Coconut Research Institute of Sri Lanka (CRI),CRI,research,Research Institute,🔬,National body for coconut science & value-addition,"The national body specializing in coconut science, productivity improvement, and value-addition of coconut-based products. CRI's Central Analytical Laboratory (CAL) performs chemical analysis of soil, water, fertilizers, and coconut-based food products.","Bandirippuwa Estate, Lunuwila, Sri Lanka",,+94 31 225 7400,info@cri.gov.lk,https://cri.gov.lk/web/index.php/en/career,Visit CRI Careers,Analytical Chemist;Soil & Water Chemist;Food Chemist;Agricultural Scientist,"Central Analytical Laboratory (CAL) — Soil, Water, Fertilizer & Food Analysis",Atomic Absorption Spectrophotometer (AAS);HPLC;GC;Moisture Analyzers,FALSE,2021/SB/037
tri,Tea Research Institute of Sri Lanka (TRI),TRI,research,Research Institute,🔬,Dedicated to the science & biochemistry of tea,"Dedicated to tea science including plant breeding, biochemistry, and processing technology. TRI's Biochemistry Division studies polyphenols, catechins, and caffeine. It uses HPLC for profiling tea components and GC for volatile compound analysis.","Talawakelle, Sri Lanka",,+94 52 222 2301,info@tri.gov.lk,https://www.tri.lk/,Visit TRI Careers,Biochemist;Tea Quality Analyst;Plant Scientist;Flavour & Aroma Chemist,"Biochemistry Division (Polyphenols, Catechins & Caffeine)",HPLC (Tea Component Profiling);GC (Volatile Compound Analysis);Biochemical Assay Kits,FALSE,
ichemc,Institute of Chemistry Ceylon (IChemC),IChemC,research,Research Institute,🔬,Professional & academic body for chemical science,"A professional and academic body offering a BSc Honours in Chemical Science and various diplomas. IChemC's Instrument Center houses UV-Visible and Fluorescence spectrophotometers, Flame/Furnace AAS, FT-IR, and Gas Chromatographs. It also operates a Computational Research Center for molecular modeling.","Rajagiriya, Sri Lanka",,+94 11 286 3541,info@chemCeylon.lk,https://ichemc.ac.lk/,Visit IChemC Vacancies,Analytical Chemist;Chemistry Lecturer / Trainer;Computational Researcher;Lab Demonstrator,Instrument Center;Computational Research Center (Molecular Modeling & Simulations),UV-Visible Spectrophotometer;Fluorescence Spectrophotometer;Flame/Furnace AAS;FT-IR;Gas Chromatographs,FALSE,
pri,Palmyrah Research Institute (PRI),PRI,research,Research Institute,🔬,Research on value-added palm products from the North,"Research arm of the Palmyrah Development Board focusing on value-added palm products. PRI operates an ISO 17025 accredited Analytical Lab, a Biochemistry Lab, and a Food & Technology Lab at its Jaffna Peninsula facility.","Kaithady, Jaffna Peninsula, Sri Lanka",,+94 21 221 5346,info@palmyrahboard.lk,https://pdb.gov.lk/palmyra-research-institute/,Visit PRI Careers,Analytical Chemist;Biochemist;Food Technologist;Lab Technician,Analytical Lab (ISO 17025 Accredited);Biochemistry Lab;Food & Technology Lab,Spectrophotometers;pH Meters;GC;HPLC;Separation Systems,FALSE,2019/SB/102;2019/SB/121;2020/SB/082;2020/SB/88;2020/SB10;2021/SB/096;2021/SB/105;2021/SB/028;2021/SB/113
lscl,Lanka Sugar Company (LSCL),Lanka Sugar (LSCL),research,Research Institute,🔬,Sugar & by-products manufacturing with on-site QC labs,"A state-owned enterprise manufacturing sugar and by-products such as ethanol and potable alcohol at its Pelwatte and Sevanagala units. Quality Control Labs use refractometers, pH meters, and polarimetry instruments to monitor sugar purity and sucrose content.","Pelwatte, Sri Lanka","Sevanagala, Sri Lanka",+94 55 227 5001,info@lankasugar.lk,https://lankasugar.lk/careers,Visit LSCL Careers,Quality Control Chemist;Sugar Process Analyst;Lab Technician;Ethanol Process Chemist,"Quality Control Laboratory (Sugar, Ethanol & Alcohol Production)",Refractometers (°Brix);pH Meters;Polarimetry;Moisture Analyzers;Spectrophotometers;Microscopes,FALSE,
hettigoda,Hettigoda Group (Siddhalepa),Hettigoda / Siddhalepa,research,Research Institute,🔬,Ayurveda-rooted herbal medicine & personal care,"A conglomerate rooted in Ayurveda, manufacturing herbal medicines and personal care items under the Siddhalepa brand. Labs are used for herbal ingredient identification, stability testing, and ISO/GMP compliance, with a strong focus on analytical quality profiling.","Ratmalana, Sri Lanka","Ratmalana, Sri Lanka",+94 11 263 7637,info@siddhalepa.com,https://siddhalepa.com/careers,Visit Siddhalepa Careers,Herbal Chemist;Quality Control Analyst;Stability Testing Officer;Microbiologist;GMP Compliance Officer,Herbal Ingredient Identification Lab;Stability Testing Lab (ISO/GMP);Microbiology Station,HPLC (Quality Profiling);GC;Stability Chambers;Microbiology Stations,FALSE,
spmc,State Pharmaceuticals Manufacturing Corporation (SPMC),SPMC,pharma,Pharmaceutical,💊,Government-owned pharmaceutical manufacturer established in 1987,A government-owned pharmaceutical manufacturer established in 1987. It produces a wide range of essential generic drugs and adheres to international standards like WHO-GMP.,"No. 11, Sir John Kotelawala Mawatha, Kandawala Estate, Ratmalana, Sri Lanka.",,+94 11 2636966 / +94 11 2635353,chairman@spmc.gov.lk,https://spmc.gov.lk/about-spmc/careers,Visit SPMC Careers,Analytical Chemist;Microbiologist;QC Analyst;Production Supervisor,,Analytical Labs;Microbiology Labs;HPLC;GC;UV-Vis Spectrophotometer;Dissolution Testers,TRUE,
aipl,Analytical Instruments (Pvt) Ltd (AIPL),AIPL,pharma,Pharmaceutical Products & Tech,💊,"Advanced laboratory, medical, and analytical tech products","Established in 1989, AIPL supplies advanced laboratory, medical, and analytical technology products and services across multiple sectors.","No. 100, Elvitigala Mawatha, Colombo 08, Sri Lanka.",,+94 11 263 9000 / +94 11 269 9282,analytical@aipl.lk,https://health.aipl.lk/careers/,Visit AIPL Careers,Technical Support Specialist;Service Engineer;Product Specialist,,Spectroscopy Systems;Chromatography Equipment;SEM Systems;XPS Systems;High-End Analytical Tools,FALSE,
navesta,Navesta Pharmaceuticals (Pvt) Ltd,Navesta,pharma,Pharmaceutical,💊,Specializing in sterile products & injectable beta-lactam antibiotics,"A privately-held manufacturer specializing in sterile products, particularly dry-powder injectable beta-lactam antibiotics. First of its kind in Sri Lanka.","Rajagiriya, Colombo, Sri Lanka","Horana, Sri Lanka",+94 11 286 1800 (Head Office) / +94 34 225 4200 (Factory),info@navesta.com,https://www.navesta.com/,Visit Navesta LinkedIn,Microbiologist;QC Executive;QA Agent;Validation Executive,,EU-GMP Compliant A & B Grade Microbiology Labs;Clean Rooms;Walk-in Incubators;Calibrated Measurement Instruments,FALSE,
spc,State Pharmaceuticals Corporation of Sri Lanka (SPC),SPC,pharma,Pharmaceutical Procurement,💊,Central procurement & supply of pharmaceuticals and lab equipment,State-owned enterprise established in 1971 for central procurement and supply of pharmaceuticals and lab equipment. Performs quality assurance testing of products before supply.,"16th Floor, MEHEWARA PIYASA, No. 41, Kirula Road, Colombo 05, Sri Lanka.",,+94 11 2320350,chairman@spc.lk,https://spc.lk/careers.php,Visit SPC Careers,QA Analyst;Procurement Chemist;QC Testing Officer,,HPLC;GC;Karl Fischer Titrators;Dissolution Testers,FALSE,
astron,Astron Limited,Astron,pharma,Pharmaceutical,💊,Sri Lanka's first pharmaceutical manufacturing facility,"Incorporated in 1956, Astron is the first pharmaceutical manufacturing facility in Sri Lanka. It manufactures healthcare, herbal, and animal health products.","No. 688, Galle Road, Ratmalana, Western Province, Sri Lanka.","No. 688, Galle Road, Ratmalana, Western Province, Sri Lanka.",+94 11 214 8799 / +94 11 263 6741,careers@astron.lk,https://astron.lk/index.php/careers/vacancies,Visit Astron Careers,Product Development Chemist;Microbiology Lab Analyst;QC Executive;Production Pharmacist,,ISO/IEC 17025:2017 Accredited Chemical Lab;Accredited Microbiology Lab;UV-Visible Spectrophotometers;HPLC;Stability Chambers,FALSE,
theon,Theon Pharmaceuticals Ltd.,Theon Pharma,pharma,Pharmaceutical,💊,WHO-GMP certified manufacturer of tablets and injectables,"An Indian WHO-GMP certified manufacturer producing finished dosage forms like tablets and injectables, supplying the global and Sri Lankan markets.","Haryana, India (Corporate)","Himachal Pradesh, India (Manufacturing)",+91 0172-5210200,info@theonpharma.com,https://theonpharma.com/careers/,Visit Theon Careers,R&D Scientist;QC Technician;Formulation Specialist,,Dedicated R&D Centre;QC Laboratories;HPLC;Stability Chambers,FALSE,
cipla,Cipla Pharma Lanka Pvt Ltd,Cipla Lanka,pharma,Pharmaceutical Distribution,💊,"Distributing respiratory, cardiac, and acute therapies","Sri Lankan arm of Cipla Limited, focusing on marketing and distributing respiratory, cardiac, and acute therapies locally.","345 - 4/1, Galle Road, Colombo - 03, Sri Lanka.",Global Manufacturing Hubs,+94 11 2577 731 / +94 11 2577 730,drugsafety@cipla.com,https://www.cipla.com/careers,Visit Cipla Careers,Medical Representative;Regulatory Affairs Specialist;Supply Chain Executive,,"Global: HPLC, GC, Microbiology Labs",FALSE,
yaden,Yaden Laboratories (Pvt) Ltd,Yaden Labs,pharma,Pharmaceutical,💊,"Specializing in sterile medicines, injectables, and drops","A privately held manufacturer specializing in sterile medicines, injectables, and eye/ear drops.","Colombo 10, Sri Lanka.","Katunayake Export Processing Zone, Sri Lanka.",+94 112 687 330,info@yadenlabs.com,https://yadenlabs.com/careers/,Visit Yaden Careers,Sterile Environment specialist;QC Lab Technician;Raw Materials Analyst,,Advanced QC Laboratories;Raw Material Testing Hub;In-Process Analysis Equip.;Stability Studies Chambers,FALSE,
nestle,Nestlé Lanka PLC,Nestlé Lanka,food,Food & Beverage,🍽️,"World's largest nutrition, health, and wellness company subsidiary","A subsidiary of the global Nestlé Group, it is the world’s largest nutrition, health, and wellness company, producing milk powder, coffee, cereals, and culinary products.","440, T.B. Jayah Mawatha, Colombo 10, Sri Lanka","Kurunegala Factory, Sri Lanka",+94 11 269 9991 / Consumer services: +94 11 4724724,careers.lanka@lk.nestle.com,https://www.nestle.lk/,Visit Nestlé Website,Food Technologist;QC Chemist;Nutrition Scientist;Lab Analyst;Process Engineer,,ISO/IEC 17025 Accredited Chemical & Biological Testing;HPLC;GC;Spectrophotometers;AAS;Microbiology Incubators,TRUE,
cbl,Ceylon Biscuits Limited — Munchee,CBL (Munchee),food,Food & Beverage,🍽️,Leading food manufacturer in Sri Lanka,"A leading Sri Lankan food manufacturer specializing in biscuits, chocolates, cakes, soy products, and snacks.","No. 555, High-Level Road, Makumbura, Pannipitiya, Colombo.","Pannipitiya & Minuwangoda, Sri Lanka",+94 11 500 0000,import.cbl@cbllk.com,https://cbllk.com/,Visit CBL Website,Food Scientist;Quality Assurance Officer;Microbiologist;R&D Technologist,,In-house R&D and QA Labs;Sensory Evaluation Suites;Spectrophotometers;HPLC / GC;Microbiological Incubators,FALSE,
fonterra,Fonterra Brands Lanka (Pvt) Ltd,Fonterra,food,Food & Beverage,🥛,Producing beloved dairy brands like Anchor and Newdale,"A subsidiary of the global dairy co-operative Fonterra, it processes milk from local farmers into brands like Anchor and Anchor Newdale.","No. 100, Delgoda Road, Biyagama, Gampaha District.","Biyagama, Sri Lanka",+94 11 2488032 / Consumer care: +94 11 2488255,careers@fonterra.com,https://www.fonterra.com/lk/en/,Visit Fonterra Website,Dairy Technologist;Quality Assurance Executive;Food Safety Specialist,,ISO/IEC 17025 Accredited Lab;Moisture/Total Solids Analyzers;Titration Setups;HPLC;Biological Safety Cabinets,FALSE,
hemas,Hemas Consumer Brands,Hemas Consumer,cosmetic,Cosmetic Industry,🧴,Specializing in home and personal care products,"Part of Hemas Holdings PLC, it specializes in home and personal care items like hair care, skin care, and oral care products.","75, Braybrooke Place, Colombo 02, Sri Lanka","Dankotuwa, Sri Lanka",+94 11 473 1731,consumercare@hemas.com,https://www.hemas.com/consumer-brands.html,Visit Hemas Website,Formulation Chemist;Quality Control Executive;R&D Scientist,,ISO 9001:2015 Certified QA Labs;pH Meters;Spectrophotometers;GC / HPLC;Viscometers;Stability Chambers,FALSE,2019/SB/007;2020/SP/112
oproma,Oproma Cosmetics (Pvt) Ltd,Oproma,cosmetic,Cosmetic Industry,🧴,Skincare formulation & third-party manufacturing,"Specialized in skincare and healthcare products, manufacturing own brands like OPLEE and providing third-party services.","No. 223/1, Batahena Road, Kirikiththa, Weliweriya, Gampaha.","Weliweriya, Sri Lanka",+94 70 303 0420,info@opromacosmetics.com,https://www.opromacosmetics.com/,Visit Oproma Website,Skincare formulator;Microbiology Analyst;Raw Materials Examiner,,GMP and ISO-certified labs;Skincare Formulation Labs;Raw Material Testing;Microbial Analysis Hub,FALSE,
link,Link Natural Products (Pvt) Ltd,Link Natural,cosmetic,Cosmetic & Healthcare,🌿,Blending Ayurvedic wisdom with modern science,A research-driven manufacturer blending Ayurvedic wisdom with modern science to produce healthcare and personal care products like Samahan.,"P.O. Box 2, Malinda, Kapugoda, Western Province.","Kapugoda, Sri Lanka",+94 115 606 060,info@linknaturalproducts.com,https://www.linknaturalproducts.com/,Visit Link Natural Website,organic & natural product chemist;R&D Specialist;Extraction & Isolation Technician,,Purpose-built R&D Centre for Organic Chemistry;Pilot Plant for Industrial Scale-up;Extraction and Isolation Tools,FALSE,
unilever,Unilever Sri Lanka Limited,Unilever,cosmetic,FMCG / Cosmetics,🧴,"Producing hygiene, home care, and beauty brands","A major FMCG company producing hygiene, home care, and beauty brands like Dove and Sunsilk.","258 M Vincent Perera Mawatha, Colombo 14, Sri Lanka.","Major Factory Complex in Horana, Sri Lanka.",+94 11-4700800 / Consumer Careline: 1323,careers@unilever.com,https://careers.unilever.com/,Visit Unilever Careers,Process Chemist;QA Manager;Product Developer,,Advanced R&D and QC Labs;High Throughput Testing Equipment;Formulation Hubs,FALSE,
nature_secrete,Nature Secrete (Nature's Beauty Creations Ltd),Nature Secrete / NBC,cosmetic,Cosmetic Industry,🧴,Sri Lanka's leading herbal cosmetics manufacturer with a global presence,"Nature Secrete is a premier skincare and hair care brand featuring natural botanicals like carrot and argan oil. It is produced by Nature's Beauty Creations (NBC), Sri Lanka's largest and most awarded herbal cosmetics manufacturer. NBC combines ancient Ayurvedic wisdom with modern technology, maintaining ultra-hygienic facilities that surpass European GMP requirements and prioritizing eco-friendly, sustainable production.","64/3, Kindelpitiya, Puswelhena, Millewa, Horana 12422, Sri Lanka","Millewa, Horana, Sri Lanka",+94 34 2253302,info@nbc.lk,https://www.nbc.lk/,Visit NBC Careers,Chemist - Research & Development;Quality Assurance Officer;Production Executive;Formulation Scientist;Microbiologist,Plant Research Centre (Medicinal/Herbal Plants);Formulation & Product Development;Quality Control & Assurance;Natural Extract Development,International GMP & ISO Standards Facility;Plant Research Centre;Advanced Formulation Labs;Stability Testing Chambers;HPLC & Spectrometry Units;Eco-friendly Wastewater Treatment,FALSE,
lion,Lion Brewery (Ceylon) PLC,Lion Brewery,food,Food & Beverage,🍺,Sri Lanka's premium brewery,"Lion Brewery (Ceylon) PLC is the leading brewer in Sri Lanka, producing premium beers and malt beverages, known for rigorous quality control and modern brewing science.","254, Colombo Road, Biyagama EPZ, Sri Lanka","Biyagama Export Processing Zone, Sri Lanka",+94 11 248 5000,hr@lionbeer.lk,https://www.lionbeer.com/,Visit Lion Brewery Careers,Brewing Chemist;QC Analyst;Microbiologist;Water Treatment Chemist,,GC;Spectrophotometer;Microbiology Labs;pH Meters;HPLC,TRUE,2020/SB/032
uniken,Uniken Lanka Ltd,Uniken Lanka,chemical,Chemical Manufacturing,⚗️,Industrial and water-treatment chemical solutions,"Established in 1996, this company specializes in industrial and water-treatment solutions, including boiler/cooling water systems, effluent/wastewater solutions, and chemical supply for industries like rubber, paint, and food processing.","51A, Sri Sangaraja Mawatha, Colombo 10, Sri Lanka.",,+94 11 2459747 / +94 11 2430995,uniken@sltnet.lk,https://unikenlanka.com,Visit Uniken Website,water treatment chemist;chemical process engineer;quality control chemist,,Water Quality Testing Labs;Wastewater Testing Labs;pH Meters;Spectrophotometers;Turbidity Meters,FALSE,
united_science,United Science Organization,United Science Organization,chemical,R&D / Advanced Materials,⚗️,Focused on nanotechnology and advanced materials,"An R&D organization focused on nanotechnology, advanced materials, and climate technologies such as CO2 capture and graphene production. Primary research led by scientists like Dr. Shehan de Silva.",Operates internationally,,See website,See online contact form,https://unitedscience.org,Visit United Science,research scientist (nanomaterials);materials chemist;R&D chemist,,Advanced Materials Synthesis Labs;Characterization Labs;SEM;TEM;XRD;FTIR Spectroscopy,FALSE,
mas_holdings,MAS Holdings,MAS Holdings,chemical,Textile Chemistry,⚗️,Multinational apparel manufacturer driving textile innovation,"A multinational apparel manufacturer founded in 1987, known for textile innovation and sustainability. A significant employer of textile and materials chemistry professionals in Sri Lanka.","199, Kaduwela Road, Battaramulla, Sri Lanka.",Multiple Locations,+94 11 453 3900,info@masholdings.com,https://masholdings.com,Visit MAS Holdings,textile chemist;dyeing/finishing technologist;sustainability chemist,,Textile Testing Labs;Dyeing/Finishing Labs;Environmental Labs;Spectrophotometers;GC;Fiber Analysis Microscopes,FALSE,
carbon_activated,Carbon Activated Corporation Lanka (Pvt) Ltd,Carbon Activated,chemical,Chemical Manufacturing,⚗️,Manufacturing activated carbon from coconut shells,A subsidiary of a global corporation specializing in manufacturing activated carbon from coconut shells for water and air purification.,"Dunkannawa, Nattandiya, Sri Lanka.","Nattandiya, Sri Lanka",+94 32 2254302,info-srilanka@activatedcarbon.com,https://carbonactivatedlanka.com,Visit Carbon Activated,quality control chemist;laboratory analyst;R&D chemist,,"Adsorption Testing Units (BET Surface Area, Iodine Number);UV-Visible Spectrophotometers;QC Labs",FALSE,
macksons_paints,Macksons Paints Lanka (Pvt) Ltd (Multilac),Multilac,chemical,Chemical Manufacturing,⚗️,Leading Sri Lankan paint manufacturer,"Leading Sri Lankan paint manufacturer established in 1981, specializing in decorative, industrial, and eco-friendly coatings.","Macksons House, 443, Galle Road, Colombo 03, Sri Lanka.",Sri Lanka,+94 11 553 0225,inquiry@multilac.com,https://multilac.com,Visit Multilac,paint chemist;coating formulation scientist;R&D chemist,,R&D Labs;QC Labs;Color Matching Labs;Viscometers;Gloss Meters;Weathering Testers,FALSE,
nippon_paint,Nippon Paint Lanka (Pvt) Ltd,Nippon Paint Lanka,chemical,Chemical Manufacturing,⚗️,"Produces architectural, automotive, and marine coatings","Part of the global NIPSEA Group, it produces architectural, automotive, and marine coatings.","No. 69A, Buthgamuwa Road, Rajagiriya, Sri Lanka.",Sri Lanka,+94 11 460 0400,info@nipponpaint.com.lk,https://nipponpaint.lk,Visit Nippon Paint,coatings chemist;technical executive in paint technology;QC chemist,,Performance Testing Labs;Salt Spray Corrosion Chambers;UV Weathering Chambers;FTIR Spectrometers,FALSE,
jat_holdings,JAT Holdings PLC,JAT Holdings,chemical,Chemical Manufacturing,⚗️,Specializes in wood coatings and decorative paints,"Founded in 1993, this multinational specializes in wood coatings, decorative paints, and industrial chemicals.","No. 351, Pannipitiya Road, Thalawathugoda, Sri Lanka.",Sri Lanka,+94 11 440 7700,info@jatholdings.com,https://jatholdings.com,Visit JAT Holdings,paint formulation chemist;coatings technologist;QC chemist,,Resin & Binder Production Labs;Polymer Synthesis Hubs;VOC Analysis Labs for Environmental Compliance,FALSE,
neochem,Neochem International (Pvt) Ltd,Neochem,chemical,Chemical Manufacturing,⚗️,Supplier of industrial specialty chemicals,"Established in 2009 as a supplier of industrial specialty chemicals for the food, pharmaceutical, and polymer industries.","478, Pannipitiya Road, Pelawatta, Battaramulla, Sri Lanka.",,+94 11 278 5183,info@neochem.lk,https://neochem.lk,Visit Neochem,application chemist;technical executive for product development;lab chemist,,Formulation Development Labs;Application Testing Labs (Food & Personal Care Chemicals),FALSE,
ceylon_oxygen,Ceylon Oxygen Limited,Ceylon Oxygen,chemical,Chemical Manufacturing,⚗️,Leading manufacturer of industrial & medical gases,"Operating since 1936 as part of Linde plc, it is a leading manufacturer of industrial, medical, and specialty gases like oxygen and nitrogen.","No. 50, Sri Pannananda Mawatha, Colombo 15, Sri Lanka.",Sri Lanka,+94 11 476 0400,nayomi@ceylonoxygen.com,https://www.linde.com/careers,Visit Ceylon Oxygen (Linde Plc),QC Chemist;Gas Analysis Technician;Safety Officer,,Gas Chromatographs;Purity Analyzers;Pressure Testing Equipment,FALSE,
microchem,MicroChem Laboratories (Pvt) Ltd,MicroChem,analytical,Analytical Testing Lab,🧪,Precision analytical testing services,"Established in 2003, this ISO/IEC 17025 accredited laboratory provides chemical and microbiological analytical testing services for industries such as food manufacturing, agriculture, and textiles.","No. 134, Dehiwala Road, Bellanwila, Boralesgamuwa, Western Province, Sri Lanka.",,+94 77 3152 797 / +94 11 2710 637 / +94 11 2710 639,info@microchem.lk,https://microchem.lk,Visit MicroChem Website,Analytical Chemist;Microbiologist;Lab Technician;Environmental Analyst,,"Chemical Testing Lab (Water, soil, food);Microbiology Lab;Agricultural & Environmental Testing Facilities;UV-Vis Spectrophotometers;Titration Systems",FALSE,
tech_experts,Tech Experts Ceylon (Private) Limited,Tech Experts Ceylon,analytical,Analytical Reference Lab,🧪,Your trusted lab testing & certification partner,"An analytical testing and certification company providing inspection and consultancy for food, beverages, spices, and environmental samples according to ISO standards.","First Floor, No. 59/1, 1 Sunethradevi Road, Kohuwala, Nugegoda 10250, Sri Lanka.",,+94 11 282 2066 / +94 71 449 1576 / +94 77 796 3656,techexpertsceylon@gmail.com,https://techexpertsceylon.lk/,Visit Tech Experts Website,Lab Analyst;Quality Control Chemist;Environmental Chemist,,Food & Beverage Chemical Analysis;Water Testing;Industrial Environmental Chemistry;HPLC / GC;UV-Vis Spectrophotometer,FALSE,
intertek,Intertek Lanka (Pvt) Ltd,Intertek Lanka,analytical,Quality Assurance & Testing,🧪,Total Quality. Assured.,"Part of a global network providing total quality assurance, including testing and certification for chemicals, agriculture, textiles, and oil & gas.","No. 282, Kaduwela Road, Battaramulla, Sri Lanka.",,+94 11 287 7300 / +94 11 471 4162,kamal.otwani@intertek.com,https://www.intertek.com,Visit Intertek,Quality Assurance Tester;Analytical Chemist;Certification Officer,,SLAB-certified Labs;GC & HPLC;FTIR & UV-Vis;Elemental Analyzers;Wet Chemistry Setups,FALSE,
cecb,CECB Laboratory Services,CECB Labs,analytical,Engineering Material Testing,🧪,Material testing & environmental analysis for engineering,"A specialized division of the state-owned Central Engineering Consultancy Bureau, providing material testing and environmental analysis for engineering projects.","No. 11, Jawatta Road, Colombo 05, Sri Lanka.",Branches in Ampara and Badulla,+94 11 250 5688 / +94 714 222 444,lab@cecb.lk,https://www.cecb.lk/laboratory-services/,Visit CECB,Material Analyst;Environmental Compliance Officer;Chemical Tester,,"Soil, Aggregate & Cement Chemical Analysis;Water Testing;Air Quality Monitoring Units;Noise & Vibration Instruments",FALSE,
lindel,LINDEL Industrial Laboratories Limited (LILL),LINDEL Labs,analytical,Industrial Analytical Testing,🧪,ISO-accredited testing for diverse industries,"A subsidiary of Lanka Industrial Estates Ltd providing ISO-accredited testing for food, petroleum, fertilizer, and solid waste.","LINDEL Industrial Estate, Pattiwila Road, Sapugaskanda, Makola 11640, Sri Lanka.",,+94 11 2401675 / +94 77 3760721,lill@itmin.net,http://www.lill.lk/,Visit LINDEL Labs,Petroleum Tester;Wastewater Analyst;Industrial Chemist,,Water & Wastewater Analysis;Petroleum & Fuel Testing;Soil / Metal Testing;Atomic Absorption Spectroscopy;GC,FALSE,
ansell,Ansell Lanka (Pvt) Ltd,Ansell Lanka,polymer,Polymer & Rubber,🏭,World-class protective solutions from Sri Lanka,"Ansell Lanka is a subsidiary of the global Ansell Limited, manufacturing high-quality medical and industrial gloves and protective equipment at its Sri Lankan facility.","Biyagama, Sri Lanka","Biyagama Export Processing Zone, Sri Lanka",+94 11 248 7000,hr@ansell.com,https://www.ansell.com/en/careers,Visit Ansell Careers,Polymer Chemist;QC Analyst;Materials Scientist;Process Engineer,,Tensile Tester;Spectrophotometers;Rheometers;Thickness Gauges,FALSE,
lalan,Lalan Group,Lalan Group,polymer,Polymer & Rubber,🏭,Sri Lanka's leading rubber manufacturer,"Lalan Group is one of Sri Lanka's largest and most diversified rubber product manufacturers, producing gloves, condoms, and other rubber goods for global export.","Colombo, Sri Lanka","Kuliyapitiya & Weliweriya, Sri Lanka",+94 11 244 7006,info@lalangroup.com,https://lalangroup.com/careers,Visit Lalan Group Careers,Rubber Technologist;Quality Chemist;Lab Analyst;Process Technician,,Rheometers;Tensile Testers;Viscometers;pH Meters,FALSE,2020/SB/009
sandactive,Sands Active (Pvt) Ltd,Sands Active,pharma,Pharmaceutical,💊,Producing high-quality medicines for therapeutic areas,"A pharmaceutical manufacturing company in Sri Lanka established in 2018. It is a subsidiary of the Melwa Group, focusing on producing high-quality medicines for both local and international markets with Good Manufacturing Practices (GMP).","51, Pathum Piyasa Road, Ekala 11380, Ja-Ela, Western Province, Sri Lanka.",,+94 11 224 7996 / +94 11 224 7998,pharma@melwire.com,https://sandsactive.lk/,Visit Sands Active Careers,QC Analyst;QA Executive;Production Officer;Analytical Chemist;R&D Chemist,,Analytical Development Laboratory;Microbiology Laboratory;HPLC;UV-Visible Spectrophotometer;Stability chambers;Dissolution testing apparatus,FALSE,2019/SB/18;2019/SB/104
renuka,Renuka Agri Organics Limited,Renuka Agri,food,Food & Beverage,🍽️,Organic and coconut-based food processing and export,"A Sri Lankan agro-processing and export company under Renuka Holdings PLC. It specializes in organic agricultural processing, food manufacturing, and export of value-added coconut products to international markets.","No. 69, Sri Jinaratana Road, Colombo 02, Sri Lanka.","Wathupitiwala Export Processing Zone (EPZ), Nittambuwa, Sri Lanka.",+94 11 231 4750,organicfoods@renukagroup.com,https://www.linkedin.com/jobs/search/?keywords=Renuka%20Agri%20Foods,Visit Renuka Careers,QC Chemist;Food Chemist;Laboratory Executive;R&D Chemist,,GC;Soxhlet Extraction Unit;Kjeldahl Digestion & Distillation Unit;Microbiology Laboratory;Food chemistry testing laboratory;Autoclave;Incubator,FALSE,2020/SB/053
kotmale,Kotmale Dairy Products (Pvt) Ltd,Kotmale,food,Food & Beverage,🥛,"Processing, production, and packaging of dairy products","A major Sri Lankan dairy product manufacturer involved in processing fresh milk into value-added items such as pasteurized milk, yoghurt, cheese, and butter. It is part of Cargills Quality Dairies.","Kalapitiya – Bogahawatta Road, Sri Lanka.",,+94 117 496 401,N/A,http://www.cargillsceylon.com/,Visit Kotmale Careers,Quality Assurance Executive;Food Technologist;QC Analyst,,Spectrophotometers;Chromatography;pH Meters;Refractometers;Microbiology Lab Areas,FALSE,2021/SB062
haycarb,Haycarb PLC,Haycarb,polymer,Polymer & Rubber,🏭,Global leader in coconut shell-based activated carbon,"A Sri Lankan company manufacturing coconut shell-based activated carbon for water purification, air purification, gold recovery, and more. A subsidiary of Hayleys PLC and one of the global leaders in activated carbon production.","No. 400, Deans Road, Colombo 10, Sri Lanka.",,+94 11 262 7000,inquiries@haycarb.com,https://www.haycarb.com/life-at-haycarb/,Visit Haycarb Careers,Quality Control Chemist;Laboratory Analyst;R&D Chemist;Process Chemist;Environmental Chemist,,BET Surface Area Analyzer;Particle size analyzers;Adsorption testing systems;GC;Spectrophotometer;TOC analyzers,FALSE,2020/SB075;2020/SP/212
nwsdb,National Water Supply and Drainage Board (NWSDB),NWSDB,research,Research Institute,🔬,Provision of safe drinking water and wastewater management,"A government statutory board in Sri Lanka responsible for safe drinking water, water distribution, sanitation services, and wastewater management across urban and rural areas.","Galle Road, Ratmalana, Sri Lanka.",,+94 11 2638999,support@waterboard.lk,https://www.waterboard.lk/job-opportunities/,Visit NWSDB Careers,Laboratory Analyst;Water Quality Analyst;Environmental Chemist,,Spectrophotometers;pH and conductivity meters;Turbidity meters;Chemical Testing Labs;Microbiology Labs,FALSE,
earc,Export Agriculture Research Centre (EARC),EARC,research,Research Institute,🔬,Multidisciplinary scientific research on export agricultural crops,"The main research station of Sri Lanka’s Department of Export Agriculture. It conducts multidisciplinary scientific research to improve production, productivity, and quality of export agricultural crops.","Thibbatumulla, Matale 21000, Central Province, Sri Lanka.",,+94 66 222 2822,ears_matale@dea.gov.lk,https://www.dea.gov.lk/,Visit EARC Careers,Research Scientist;Agronomist;Plant Pathologist;Soil Scientist;Analytical Chemist,,Microscopy;Soil analysis facilities;Postharvest Chemical component analysis,FALSE,2020/SP/175
bureau_veritas,Bureau Veritas Consumer Product Services,Bureau Veritas,analytical,Analytical Testing Labs,🧪,"Global leader in testing, inspection, and certification","The Consumer Products Services division of this multinational company focuses on quality assurance and safety testing of consumer goods, ensuring products meet international safety, environmental, and quality standards.","No. 270, Dehiwala Road, Bellanwila, Sri Lanka.",,+94 11 235 0111,lk.info@bureauveritas.com,https://careers.bureauveritas.com,Visit Bureau Veritas Careers,Laboratory Analyst;Chemical Testing Technician;QC Chemist;Environmental Chemist;Cosmetics Analyst,,GC;HPLC;Atomic Absorption Spectrometer (AAS);FTIR Spectrometer;Chemical Testing Laboratory;Environmental Testing,FALSE,2020/SB/090;2021/SB/065
avato,AVATO Laboratory (Pvt) Ltd,AVATO Lab,analytical,Analytical Testing Labs,🧪,Environmental and water testing laboratory,"A fully owned subsidiary of Watercare Technologies (Pvt) Ltd, this ISO certified and CEA registered laboratory performs chemical and microbiological testing of water and wastewater for environmental monitoring and quality control.","No. 77, UDA Industrial Estate, Katuwana, Homagama 10200, Sri Lanka.",,+94 11 2895350,microlab@avato.lk,http://www.wct.lk,Visit AVATO Careers,Assistant Chemist;Water Sample Analyst;Laboratory Technician,,UV–Visible Spectrophotometer;BOD Incubator;COD Reactor;Atomic Absorption Spectrophotometer (AAS);Autoclave,FALSE,2020/SB/097
sgs,SGS Lanka (Pvt) Ltd,SGS Lanka,analytical,Analytical Testing Labs,🧪,"Testing, inspection, verification, and certification services","The Sri Lankan subsidiary of SGS SA, a global TIC company. It supports food, environmental, consumer products, and pharmaceutical industries to ensure safety, regulatory compliance, and international standards.","3rd Floor, AEC Building, 140 Vauxhall Street, Colombo 02, Sri Lanka.","141/7C Vauxhall Street, Colombo 02, Sri Lanka.",+94 11 537 6280,lk.info@sgs.com,https://jobs.sgs.com,Visit SGS Careers,Laboratory Analyst;Chemical Testing Technician;QC Chemist;Environmental Analyst,,GC;HPLC;ICP-OES / ICP-MS;AAS;UV-Visible Spectrophotometer;Fume hoods;Microbiology Laboratory,FALSE,2021/SB/008;2021/SP/210
cpstl,Ceylon Petroleum Storage Terminals Limited (CPSTL),CPSTL,analytical,Analytical Testing Labs,🧪,"Bulk petroleum storage, handling, and distribution",A government-owned company managing the petroleum storage terminals and fuel distribution network in Sri Lanka. It operates quality-control laboratories to test petroleum products before distribution.,"Oil Installation, Kolonnawa, Wellampitiya, Sri Lanka.",,+94 11 2572307,secretariat@cpstl.lk,https://www.cpstl.lk/,Visit CPSTL Careers,Senior Chemist;Laboratory Analyst;Quality Control Officer,,Gas Chromatography (GC);Distillation apparatus;Density meters;Octane rating analyzers;Sulfur analyzer;Flash point testers,FALSE,2021/SB/008;2021/SP/210
slsi,Sri Lanka Standards Institution (SLSI),SLSI,analytical,Analytical Testing Labs,🧪,National standards body of Sri Lanka,"A statutory government institution established to develop, maintain, and promote national standards (SLS) across products and services. SLSI conducts conformity assessment, inspection, certification, and analytical testing.","No. 17, Victoria Place, Elvitigala Mawatha, Colombo 08, Sri Lanka.",,+94 11 2019600,info@slsi.lk,https://slsi.lk/en/careers/,Visit SLSI Careers,Standards Officer;Quality Assessor;Analytical Chemist;Lab Technician,,ICP-MS;Arc/Spark Emission Spectrophotometer;Direct Mercury Analyzer;GC-FID;GC-MS/MS with Headspace System,FALSE,2021/SB/129;2021/SB/114
jrdc,China-Sri Lanka Joint Research and Demonstration Centre for Water Technology (JRDC),JRDC,analytical,Analytical Testing Labs,🧪,Advanced water treatment technologies and research,"Founded through cooperation between the Chinese Academy of Sciences, University of Peradeniya, and the Sri Lankan Government. It focuses on water-related health issues, advanced treatment tech, and improving safe water supply.","Meewathura Road, Peradeniya, Kandy District, Central Province, Sri Lanka.",,+94 81 205 8116,info@jrdc.lk,https://jrdc.lk/,Visit JRDC Careers,Water Quality Researcher;Analytical Chemist;Environmental Scientist,,"Gas Chromatography (GC);UV-Vis Spectrophotometers;Ion/elemental analyzers (AAS, ICP);HPLC;Water quality analyzers",FALSE,2020/SB/058;2021/SB/132
morison,Morison Limited,Morison,pharma,Pharmaceutical,💊,Making premium healthcare affordable,"A leading pharmaceutical manufacturer in Sri Lanka with over 60 years of legacy, producing high-quality prescription and OTC medicines under WHO and EU GMP standards.","75, Hemas House, Braybrooke Place, Colombo 02, Sri Lanka.","Lot No. 11, SLINTEC Park, Homagama, Sri Lanka.",+94 11 290 4222,info@morison.lk,mailto:careers@morison.lk,Email Careers,Pharmaceutical Chemist;Microbiology Analyst;R&D Executive,,Chemical Analysis Lab;Microbiology Lab;HPLC;UV/Vis Spectrometers,FALSE,
cic,CIC Holdings PLC,CIC Holdings,chemical,Chemical & Pharmaceutical,⚗️,Leading diversified conglomerate in Sri Lanka,"Originally Chemical Industries (Colombo) Limited, CIC is a diversified conglomerate with operations in agriculture, livestock, pharmaceuticals, and industrial chemicals.","CIC House, 199, Kew Road, Colombo 02, Sri Lanka.",Multiple Locations,+94 11 2359359,info@cic.lk,https://www.cic.lk/careerspage/,Visit CIC Careers,Quality Assurance Chemist;Analytical Chemist;Lab QA/QC Officer,,"Soil, Plant & Water Analytical Lab;Seed Testing Lab;Microbiology & Chemistry QA Labs",FALSE,
kelun,Kelun Lifesciences (Pvt) Ltd,Kelun,pharma,Pharmaceutical,💊,Sri Lanka's largest sterile liquid injectables producer,"A research-driven pharmaceutical manufacturer and Sri Lanka's largest sterile liquid infusions and injectables producer, operating under WHO-GMP and ISO standards.","Industrial Park – BOI Zone, Pallekele, Kandy, Sri Lanka.","Pallekele, Kandy, Sri Lanka.",+94 812 400 002 / +94 112 421 837,info@kelun.lk,https://www.kelun.lk/jobs/,Visit Kelun Careers,QA/QC Analyst;Microbiologist;Sterile Processing Tech,,pH & Conductivity Meters;High-Precision Balances;Particulate Counters;Sterility Incubators;Endotoxin Testing (LAL),FALSE,2020/SB/013
celogen,Celogen Lanka (Pvt) Ltd,Celogen Lanka,pharma,Pharmaceutical,💊,"Producing high-quality, affordable medicines","A leading pharmaceutical manufacturer in Sri Lanka with a modern EU-GMP and WHO-GMP approved facility, producing tablets, capsules, and other dosage forms.","116, Layards Broadway, Colombo 14, Sri Lanka.","Lot No. 7A, BOI Industrial Park, Pallekele, Kandy, Sri Lanka.",+94 112 421 836 / +94 812 424 821,info@celogen.lk,http://celogen.lk/,Visit Celogen Careers,QA/QC Executive;Analytical Chemist;Formulation Scientist,,HPLC;ICP;UV-Vis Spectrometer;Gas Chromatography (GC);FTIR;Stability Chambers,FALSE,
bamber_bruce,Bamber & Bruce (Pvt) Ltd,Bamber & Bruce,analytical,Analytical Testing Lab,🧪,Sri Lanka's oldest private analytical laboratory,"Established in 1880, Bamber & Bruce is an accredited analytical testing laboratory offering high-quality chemical and microbiological analysis for trade, industry, and exporters.","95 Piyadasa Sirisena Mawatha, Colombo 10, Sri Lanka.",,+94 11 251 4254,info@bamberbruce.lk,https://www.bamber-bruce.lk/,Visit Bamber & Bruce,Analytical Chemist;Microbiologist;Laboratory Analyst,,Spectrophotometers (UV-Vis);Atomic Absorption / ICP;GC;HPLC;TOC analyzers,FALSE,
global_scientific,Global Scientific Laboratories (Pvt) Ltd,Global Scientific,analytical,Analytical Testing Lab,🧪,Scientific solutions and analytical testing,"An analytical laboratory providing chemical and microbiological testing services, particularly for water and wastewater, along with technical consulting and water treatment solutions.","No. 206, Madapatha, Piliyandala, Sri Lanka.",,+94 11 2707940 / +94 71 6849476,info@globalscientific.lk,https://www.globalscientific.lk/,Visit Global Scientific,Junior Chemist;Water Quality Analyst;Microbiologist,,Water Quality Analyzers;Spectrophotometers;Microbiology Testing Setups,FALSE,
anala,Anala Laboratory Services (Pvt) Ltd,Anala Lab,analytical,Analytical Testing Lab,🧪,Comprehensive testing and analysis services,"A testing analysis company providing chemical, physical, and microbiological testing for water, beverages, soil, fertilizers, and food products.","85 Elhena Road, Maharagama 10280, Sri Lanka.",Dodangoda / Pannipitiya Branches,+94 11 486 6258,anala.laboratory@gmail.com,https://analalaboratory.com/,Visit Anala Lab,Laboratory Chemist;Lab Technician;Microbiologist,,Spectrophotometers;Conductivity Meters;Chemical Extraction Systems;Autoclaves,FALSE,
elcs,Environmental Laboratory & Consultancy Services (ELCS),ELCS,analytical,Environmental Testing Lab,🧪,Accredited environmental testing and consultancy,"An accredited environmental testing and consultancy firm providing scientific analysis for water, wastewater, soil, air emissions, and environmental impact assessments.","889 1/3, Maradana Road, Punchi Borella, Colombo 10, Sri Lanka.",,+94 11 268 4242 / +94 71 640 0365,manager.elcs@gmail.com,https://www.labenvi.com/,Visit ELCS,Environmental Analyst;Chemist;Environmental Consultant,,Spectrophotometers;AAS / ICP for trace metals;Gas Analyzers;Chemical Fume Hoods,FALSE,
perlo,Perlo Laboratory,Perlo Lab,analytical,Analytical Testing Lab,🧪,Water quality testing and analytical services,"Part of the Enviroequip Group, providing physical, chemical, and biological water quality testing for drinking water, wastewater, and boiler water.","No. 135/10, Kalyani Mawatha, Kelanimulla, Angoda, Sri Lanka.",,+94 76 442 0164 / +94 11 241 7605,labtest@perlohk.com,https://www.perlohk.com/laboratory/,Visit Perlo Careers,Laboratory Chemist;Water Analyst;Microbiologist,,"Portable Meters (EC, ORP, pH);Titration Setups;BOD/COD Analyzers;Jar Testing Kits",FALSE,
nwsdb_jaffna,National Water Supply & Drainage Board - Jaffna,NWSDB Jaffna,research,Research Institute,🔬,Safe drinking water and sanitation services for the North,"A government statutory board in Sri Lanka responsible for safe drinking water, water distribution, sanitation services, and wastewater management across urban and rural areas in the Jaffna region.","Regional office Sivan Pannai Road, Jaffna, Sri Lanka",,"021-2227268, 021-2217094, 021-2228962, 021-2227965",rmjaffna@yahoo.com,https://www.waterboard.lk/job-opportunities/,Visit Job Opportunities,Laboratory Analyst;Water Quality Analyst;Environmental Chemist,Chemistry Testing Lab;Microbiology Lab;Water Quality Control,Spectrophotometers;pH and conductivity meters;Turbidity meter;Chemistry Testing Lab;Microbiology Lab,FALSE,2019/SB/124;2019/SB/101;2020/SB/73;2020/SB/52;2021/SB/004;2021/SB/035
nwsdb_kandy,National Water Supply & Drainage Board - Kandy,NWSDB Kandy,research,Research Institute,🔬,Regional Support Center for the Central Province,"A government statutory board responsible for safe drinking water, water distribution, sanitation services, and wastewater management across urban and rural areas. This Regional Support Center (Central) serves the Kandy district and surrounding areas.","Regional Support Center (Central), Dangolla Road, Gatambe, Peradeniya (near Kandy), Sri Lanka",,"081-2388086, 081-2385962, 081-2387149, 081-2388027","dgmcentral2018@gmail.com, adgmcnwsab@waterboard.lk",https://www.waterboard.lk/job-opportunities/,Visit Job Opportunities,Laboratory Analyst;Water Quality Analyst;Environmental Chemist,Chemistry Testing Lab;Microbiology Lab;Central Support Services,Spectrophotometers;pH and conductivity meters;Turbidity meter;Chemistry Testing Lab;Microbiology Lab,FALSE,2019/SB/027;2019/SP/226;2020/SB/061;2021/SB/052;2021/SB/106
nwsdb_welimada,National Water Supply & Drainage Board - Welimada,NWSDB Welimada,research,Research Institute,🔬,Water distribution and sanitation for the Welimada region,"A government statutory board in Sri Lanka responsible for safe drinking water, water distribution, sanitation services, and wastewater management. This OIC Office serves the Welimada area under the Uva Regional Support Center.","OIC Office, Wellawatta, Welimada, Sri Lanka",,057-2244118,support@waterboard.lk,https://www.waterboard.lk/job-opportunities/,Visit Job Opportunities,Laboratory Analyst;Water Quality Analyst;Environmental Chemist,Chemistry Testing Lab;Microbiology Lab;Regional Maintenance,Spectrophotometers;pH and conductivity meters;Turbidity meter;Chemistry Testing Lab;Microbiology Lab,FALSE,2019/SB/082;2019/SB/085;2019/SB/108;2019/SB/120;2020/SB/88;2021/SB/021